sector;sector_string
1;Land- und Forstwirtschaft Fischerei
11;Land- und Forstwirtschaft Fischerei
111;Land- und Forstwirtschaft Fischerei
1110;Land- und Forstwirtschaft Fischerei
112;Land- und Forstwirtschaft Fischerei
1120;Land- und Forstwirtschaft Fischerei
113;Land- und Forstwirtschaft Fischerei
1131;Land- und Forstwirtschaft Fischerei
1132;Land- und Forstwirtschaft Fischerei
114;Land- und Forstwirtschaft Fischerei
1140;Land- und Forstwirtschaft Fischerei
115;Land- und Forstwirtschaft Fischerei
1150;Land- und Forstwirtschaft Fischerei
116;Land- und Forstwirtschaft Fischerei
1160;Land- und Forstwirtschaft Fischerei
119;Land- und Forstwirtschaft Fischerei
1191;Land- und Forstwirtschaft Fischerei
1192;Land- und Forstwirtschaft Fischerei
1199;Land- und Forstwirtschaft Fischerei
12;Land- und Forstwirtschaft Fischerei
121;Land- und Forstwirtschaft Fischerei
1210;Land- und Forstwirtschaft Fischerei
122;Land- und Forstwirtschaft Fischerei
1220;Land- und Forstwirtschaft Fischerei
123;Land- und Forstwirtschaft Fischerei
1230;Land- und Forstwirtschaft Fischerei
124;Land- und Forstwirtschaft Fischerei
1240;Land- und Forstwirtschaft Fischerei
125;Land- und Forstwirtschaft Fischerei
1251;Land- und Forstwirtschaft Fischerei
1259;Land- und Forstwirtschaft Fischerei
126;Land- und Forstwirtschaft Fischerei
1260;Land- und Forstwirtschaft Fischerei
127;Land- und Forstwirtschaft Fischerei
1270;Land- und Forstwirtschaft Fischerei
128;Land- und Forstwirtschaft Fischerei
1280;Land- und Forstwirtschaft Fischerei
129;Land- und Forstwirtschaft Fischerei
1290;Land- und Forstwirtschaft Fischerei
13;Land- und Forstwirtschaft Fischerei
13;Land- und Forstwirtschaft Fischerei
1301;Land- und Forstwirtschaft Fischerei
1302;Land- und Forstwirtschaft Fischerei
14;Land- und Forstwirtschaft Fischerei
141;Land- und Forstwirtschaft Fischerei
1410;Land- und Forstwirtschaft Fischerei
142;Land- und Forstwirtschaft Fischerei
1420;Land- und Forstwirtschaft Fischerei
143;Land- und Forstwirtschaft Fischerei
1430;Land- und Forstwirtschaft Fischerei
144;Land- und Forstwirtschaft Fischerei
1440;Land- und Forstwirtschaft Fischerei
145;Land- und Forstwirtschaft Fischerei
1450;Land- und Forstwirtschaft Fischerei
146;Land- und Forstwirtschaft Fischerei
1460;Land- und Forstwirtschaft Fischerei
147;Land- und Forstwirtschaft Fischerei
1471;Land- und Forstwirtschaft Fischerei
1472;Land- und Forstwirtschaft Fischerei
1479;Land- und Forstwirtschaft Fischerei
149;Land- und Forstwirtschaft Fischerei
1490;Land- und Forstwirtschaft Fischerei
15;Land- und Forstwirtschaft Fischerei
15;Land- und Forstwirtschaft Fischerei
1500;Land- und Forstwirtschaft Fischerei
16;Land- und Forstwirtschaft Fischerei
161;Land- und Forstwirtschaft Fischerei
1610;Land- und Forstwirtschaft Fischerei
162;Land- und Forstwirtschaft Fischerei
1620;Land- und Forstwirtschaft Fischerei
163;Land- und Forstwirtschaft Fischerei
1630;Land- und Forstwirtschaft Fischerei
164;Land- und Forstwirtschaft Fischerei
1640;Land- und Forstwirtschaft Fischerei
17;Land- und Forstwirtschaft Fischerei
17;Land- und Forstwirtschaft Fischerei
1700;Land- und Forstwirtschaft Fischerei
2;Land- und Forstwirtschaft Fischerei
21;Land- und Forstwirtschaft Fischerei
21;Land- und Forstwirtschaft Fischerei
2100;Land- und Forstwirtschaft Fischerei
22;Land- und Forstwirtschaft Fischerei
22;Land- und Forstwirtschaft Fischerei
2200;Land- und Forstwirtschaft Fischerei
23;Land- und Forstwirtschaft Fischerei
23;Land- und Forstwirtschaft Fischerei
2300;Land- und Forstwirtschaft Fischerei
24;Land- und Forstwirtschaft Fischerei
24;Land- und Forstwirtschaft Fischerei
2400;Land- und Forstwirtschaft Fischerei
3;Land- und Forstwirtschaft Fischerei
31;Land- und Forstwirtschaft Fischerei
311;Land- und Forstwirtschaft Fischerei
3110;Land- und Forstwirtschaft Fischerei
312;Land- und Forstwirtschaft Fischerei
3120;Land- und Forstwirtschaft Fischerei
32;Land- und Forstwirtschaft Fischerei
321;Land- und Forstwirtschaft Fischerei
3210;Land- und Forstwirtschaft Fischerei
322;Land- und Forstwirtschaft Fischerei
3220;Land- und Forstwirtschaft Fischerei
5;Bergbau und Gewinnung von Steinen und Erden
51;Bergbau und Gewinnung von Steinen und Erden
51;Bergbau und Gewinnung von Steinen und Erden
5100;Bergbau und Gewinnung von Steinen und Erden
52;Bergbau und Gewinnung von Steinen und Erden
52;Bergbau und Gewinnung von Steinen und Erden
5200;Bergbau und Gewinnung von Steinen und Erden
6;Bergbau und Gewinnung von Steinen und Erden
61;Bergbau und Gewinnung von Steinen und Erden
61;Bergbau und Gewinnung von Steinen und Erden
6100;Bergbau und Gewinnung von Steinen und Erden
62;Bergbau und Gewinnung von Steinen und Erden
62;Bergbau und Gewinnung von Steinen und Erden
6200;Bergbau und Gewinnung von Steinen und Erden
7;Bergbau und Gewinnung von Steinen und Erden
71;Bergbau und Gewinnung von Steinen und Erden
71;Bergbau und Gewinnung von Steinen und Erden
7100;Bergbau und Gewinnung von Steinen und Erden
72;Bergbau und Gewinnung von Steinen und Erden
721;Bergbau und Gewinnung von Steinen und Erden
7210;Bergbau und Gewinnung von Steinen und Erden
729;Bergbau und Gewinnung von Steinen und Erden
7290;Bergbau und Gewinnung von Steinen und Erden
8;Bergbau und Gewinnung von Steinen und Erden
81;Bergbau und Gewinnung von Steinen und Erden
811;Bergbau und Gewinnung von Steinen und Erden
8110;Bergbau und Gewinnung von Steinen und Erden
812;Bergbau und Gewinnung von Steinen und Erden
8120;Bergbau und Gewinnung von Steinen und Erden
89;Bergbau und Gewinnung von Steinen und Erden
891;Bergbau und Gewinnung von Steinen und Erden
8910;Bergbau und Gewinnung von Steinen und Erden
892;Bergbau und Gewinnung von Steinen und Erden
8920;Bergbau und Gewinnung von Steinen und Erden
893;Bergbau und Gewinnung von Steinen und Erden
8930;Bergbau und Gewinnung von Steinen und Erden
899;Bergbau und Gewinnung von Steinen und Erden
8990;Bergbau und Gewinnung von Steinen und Erden
9;Bergbau und Gewinnung von Steinen und Erden
91;Bergbau und Gewinnung von Steinen und Erden
91;Bergbau und Gewinnung von Steinen und Erden
9100;Bergbau und Gewinnung von Steinen und Erden
99;Bergbau und Gewinnung von Steinen und Erden
99;Bergbau und Gewinnung von Steinen und Erden
9900;Bergbau und Gewinnung von Steinen und Erden
10;Verarbeitendes Gewerbe
101;Verarbeitendes Gewerbe
1011;Verarbeitendes Gewerbe
10110;Verarbeitendes Gewerbe
1012;Verarbeitendes Gewerbe
10120;Verarbeitendes Gewerbe
1013;Verarbeitendes Gewerbe
10130;Verarbeitendes Gewerbe
102;Verarbeitendes Gewerbe
102;Verarbeitendes Gewerbe
10200;Verarbeitendes Gewerbe
103;Verarbeitendes Gewerbe
1031;Verarbeitendes Gewerbe
10310;Verarbeitendes Gewerbe
1032;Verarbeitendes Gewerbe
10320;Verarbeitendes Gewerbe
1039;Verarbeitendes Gewerbe
10390;Verarbeitendes Gewerbe
104;Verarbeitendes Gewerbe
1041;Verarbeitendes Gewerbe
10410;Verarbeitendes Gewerbe
1042;Verarbeitendes Gewerbe
10420;Verarbeitendes Gewerbe
105;Verarbeitendes Gewerbe
1051;Verarbeitendes Gewerbe
10510;Verarbeitendes Gewerbe
1052;Verarbeitendes Gewerbe
10520;Verarbeitendes Gewerbe
106;Verarbeitendes Gewerbe
1061;Verarbeitendes Gewerbe
10610;Verarbeitendes Gewerbe
1062;Verarbeitendes Gewerbe
10620;Verarbeitendes Gewerbe
107;Verarbeitendes Gewerbe
1071;Verarbeitendes Gewerbe
10710;Verarbeitendes Gewerbe
1072;Verarbeitendes Gewerbe
10720;Verarbeitendes Gewerbe
1073;Verarbeitendes Gewerbe
10730;Verarbeitendes Gewerbe
108;Verarbeitendes Gewerbe
1081;Verarbeitendes Gewerbe
10810;Verarbeitendes Gewerbe
1082;Verarbeitendes Gewerbe
10820;Verarbeitendes Gewerbe
1083;Verarbeitendes Gewerbe
10830;Verarbeitendes Gewerbe
1084;Verarbeitendes Gewerbe
10840;Verarbeitendes Gewerbe
1085;Verarbeitendes Gewerbe
10850;Verarbeitendes Gewerbe
1086;Verarbeitendes Gewerbe
10860;Verarbeitendes Gewerbe
1089;Verarbeitendes Gewerbe
10890;Verarbeitendes Gewerbe
109;Verarbeitendes Gewerbe
1091;Verarbeitendes Gewerbe
10910;Verarbeitendes Gewerbe
1092;Verarbeitendes Gewerbe
10920;Verarbeitendes Gewerbe
11;Verarbeitendes Gewerbe
11;Verarbeitendes Gewerbe
1101;Verarbeitendes Gewerbe
11010;Verarbeitendes Gewerbe
1102;Verarbeitendes Gewerbe
11020;Verarbeitendes Gewerbe
1103;Verarbeitendes Gewerbe
11030;Verarbeitendes Gewerbe
1104;Verarbeitendes Gewerbe
11040;Verarbeitendes Gewerbe
1105;Verarbeitendes Gewerbe
11050;Verarbeitendes Gewerbe
1106;Verarbeitendes Gewerbe
11060;Verarbeitendes Gewerbe
1107;Verarbeitendes Gewerbe
11070;Verarbeitendes Gewerbe
12;Verarbeitendes Gewerbe
12;Verarbeitendes Gewerbe
12;Verarbeitendes Gewerbe
12000;Verarbeitendes Gewerbe
13;Verarbeitendes Gewerbe
131;Verarbeitendes Gewerbe
131;Verarbeitendes Gewerbe
13100;Verarbeitendes Gewerbe
132;Verarbeitendes Gewerbe
132;Verarbeitendes Gewerbe
13200;Verarbeitendes Gewerbe
133;Verarbeitendes Gewerbe
133;Verarbeitendes Gewerbe
13300;Verarbeitendes Gewerbe
139;Verarbeitendes Gewerbe
1391;Verarbeitendes Gewerbe
13910;Verarbeitendes Gewerbe
1392;Verarbeitendes Gewerbe
13920;Verarbeitendes Gewerbe
1393;Verarbeitendes Gewerbe
13930;Verarbeitendes Gewerbe
1394;Verarbeitendes Gewerbe
13940;Verarbeitendes Gewerbe
1395;Verarbeitendes Gewerbe
13950;Verarbeitendes Gewerbe
1396;Verarbeitendes Gewerbe
13960;Verarbeitendes Gewerbe
1399;Verarbeitendes Gewerbe
13990;Verarbeitendes Gewerbe
14;Verarbeitendes Gewerbe
141;Verarbeitendes Gewerbe
1411;Verarbeitendes Gewerbe
14110;Verarbeitendes Gewerbe
1412;Verarbeitendes Gewerbe
14120;Verarbeitendes Gewerbe
1413;Verarbeitendes Gewerbe
14131;Verarbeitendes Gewerbe
14132;Verarbeitendes Gewerbe
14133;Verarbeitendes Gewerbe
1414;Verarbeitendes Gewerbe
14141;Verarbeitendes Gewerbe
14142;Verarbeitendes Gewerbe
14143;Verarbeitendes Gewerbe
1419;Verarbeitendes Gewerbe
14190;Verarbeitendes Gewerbe
142;Verarbeitendes Gewerbe
142;Verarbeitendes Gewerbe
14200;Verarbeitendes Gewerbe
143;Verarbeitendes Gewerbe
1431;Verarbeitendes Gewerbe
14310;Verarbeitendes Gewerbe
1439;Verarbeitendes Gewerbe
14390;Verarbeitendes Gewerbe
15;Verarbeitendes Gewerbe
151;Verarbeitendes Gewerbe
1511;Verarbeitendes Gewerbe
15110;Verarbeitendes Gewerbe
1512;Verarbeitendes Gewerbe
15120;Verarbeitendes Gewerbe
152;Verarbeitendes Gewerbe
152;Verarbeitendes Gewerbe
15200;Verarbeitendes Gewerbe
16;Verarbeitendes Gewerbe
161;Verarbeitendes Gewerbe
161;Verarbeitendes Gewerbe
16100;Verarbeitendes Gewerbe
162;Verarbeitendes Gewerbe
1621;Verarbeitendes Gewerbe
16210;Verarbeitendes Gewerbe
1622;Verarbeitendes Gewerbe
16220;Verarbeitendes Gewerbe
1623;Verarbeitendes Gewerbe
16230;Verarbeitendes Gewerbe
1624;Verarbeitendes Gewerbe
16240;Verarbeitendes Gewerbe
1629;Verarbeitendes Gewerbe
16290;Verarbeitendes Gewerbe
17;Verarbeitendes Gewerbe
171;Verarbeitendes Gewerbe
1711;Verarbeitendes Gewerbe
17110;Verarbeitendes Gewerbe
1712;Verarbeitendes Gewerbe
17120;Verarbeitendes Gewerbe
172;Verarbeitendes Gewerbe
1721;Verarbeitendes Gewerbe
17210;Verarbeitendes Gewerbe
1722;Verarbeitendes Gewerbe
17220;Verarbeitendes Gewerbe
1723;Verarbeitendes Gewerbe
17230;Verarbeitendes Gewerbe
1724;Verarbeitendes Gewerbe
17240;Verarbeitendes Gewerbe
1729;Verarbeitendes Gewerbe
17290;Verarbeitendes Gewerbe
18;Verarbeitendes Gewerbe
181;Verarbeitendes Gewerbe
1811;Verarbeitendes Gewerbe
18110;Verarbeitendes Gewerbe
1812;Verarbeitendes Gewerbe
18120;Verarbeitendes Gewerbe
1813;Verarbeitendes Gewerbe
18130;Verarbeitendes Gewerbe
1814;Verarbeitendes Gewerbe
18140;Verarbeitendes Gewerbe
182;Verarbeitendes Gewerbe
182;Verarbeitendes Gewerbe
18200;Verarbeitendes Gewerbe
19;Verarbeitendes Gewerbe
191;Verarbeitendes Gewerbe
191;Verarbeitendes Gewerbe
19100;Verarbeitendes Gewerbe
192;Verarbeitendes Gewerbe
192;Verarbeitendes Gewerbe
19200;Verarbeitendes Gewerbe
20;Verarbeitendes Gewerbe
201;Verarbeitendes Gewerbe
2011;Verarbeitendes Gewerbe
20110;Verarbeitendes Gewerbe
2012;Verarbeitendes Gewerbe
20120;Verarbeitendes Gewerbe
2013;Verarbeitendes Gewerbe
20130;Verarbeitendes Gewerbe
2014;Verarbeitendes Gewerbe
20140;Verarbeitendes Gewerbe
2015;Verarbeitendes Gewerbe
20150;Verarbeitendes Gewerbe
2016;Verarbeitendes Gewerbe
20160;Verarbeitendes Gewerbe
2017;Verarbeitendes Gewerbe
20170;Verarbeitendes Gewerbe
202;Verarbeitendes Gewerbe
202;Verarbeitendes Gewerbe
20200;Verarbeitendes Gewerbe
203;Verarbeitendes Gewerbe
203;Verarbeitendes Gewerbe
20300;Verarbeitendes Gewerbe
204;Verarbeitendes Gewerbe
2041;Verarbeitendes Gewerbe
20410;Verarbeitendes Gewerbe
2042;Verarbeitendes Gewerbe
20420;Verarbeitendes Gewerbe
205;Verarbeitendes Gewerbe
2051;Verarbeitendes Gewerbe
20510;Verarbeitendes Gewerbe
2052;Verarbeitendes Gewerbe
20520;Verarbeitendes Gewerbe
2053;Verarbeitendes Gewerbe
20530;Verarbeitendes Gewerbe
2059;Verarbeitendes Gewerbe
20590;Verarbeitendes Gewerbe
206;Verarbeitendes Gewerbe
206;Verarbeitendes Gewerbe
20600;Verarbeitendes Gewerbe
21;Verarbeitendes Gewerbe
211;Verarbeitendes Gewerbe
211;Verarbeitendes Gewerbe
21100;Verarbeitendes Gewerbe
212;Verarbeitendes Gewerbe
212;Verarbeitendes Gewerbe
21200;Verarbeitendes Gewerbe
22;Verarbeitendes Gewerbe
221;Verarbeitendes Gewerbe
2211;Verarbeitendes Gewerbe
22110;Verarbeitendes Gewerbe
2219;Verarbeitendes Gewerbe
22190;Verarbeitendes Gewerbe
222;Verarbeitendes Gewerbe
2221;Verarbeitendes Gewerbe
22210;Verarbeitendes Gewerbe
2222;Verarbeitendes Gewerbe
22220;Verarbeitendes Gewerbe
2223;Verarbeitendes Gewerbe
22230;Verarbeitendes Gewerbe
2229;Verarbeitendes Gewerbe
22290;Verarbeitendes Gewerbe
23;Verarbeitendes Gewerbe
231;Verarbeitendes Gewerbe
2311;Verarbeitendes Gewerbe
23110;Verarbeitendes Gewerbe
2312;Verarbeitendes Gewerbe
23120;Verarbeitendes Gewerbe
2313;Verarbeitendes Gewerbe
23130;Verarbeitendes Gewerbe
2314;Verarbeitendes Gewerbe
23140;Verarbeitendes Gewerbe
2319;Verarbeitendes Gewerbe
23190;Verarbeitendes Gewerbe
232;Verarbeitendes Gewerbe
232;Verarbeitendes Gewerbe
23200;Verarbeitendes Gewerbe
233;Verarbeitendes Gewerbe
2331;Verarbeitendes Gewerbe
23310;Verarbeitendes Gewerbe
2332;Verarbeitendes Gewerbe
23320;Verarbeitendes Gewerbe
234;Verarbeitendes Gewerbe
2341;Verarbeitendes Gewerbe
23410;Verarbeitendes Gewerbe
2342;Verarbeitendes Gewerbe
23420;Verarbeitendes Gewerbe
2343;Verarbeitendes Gewerbe
23430;Verarbeitendes Gewerbe
2344;Verarbeitendes Gewerbe
23440;Verarbeitendes Gewerbe
2349;Verarbeitendes Gewerbe
23490;Verarbeitendes Gewerbe
235;Verarbeitendes Gewerbe
2351;Verarbeitendes Gewerbe
23510;Verarbeitendes Gewerbe
2352;Verarbeitendes Gewerbe
23520;Verarbeitendes Gewerbe
236;Verarbeitendes Gewerbe
2361;Verarbeitendes Gewerbe
23610;Verarbeitendes Gewerbe
2362;Verarbeitendes Gewerbe
23620;Verarbeitendes Gewerbe
2363;Verarbeitendes Gewerbe
23630;Verarbeitendes Gewerbe
2364;Verarbeitendes Gewerbe
23640;Verarbeitendes Gewerbe
2365;Verarbeitendes Gewerbe
23650;Verarbeitendes Gewerbe
2369;Verarbeitendes Gewerbe
23690;Verarbeitendes Gewerbe
237;Verarbeitendes Gewerbe
237;Verarbeitendes Gewerbe
23700;Verarbeitendes Gewerbe
239;Verarbeitendes Gewerbe
2391;Verarbeitendes Gewerbe
23910;Verarbeitendes Gewerbe
2399;Verarbeitendes Gewerbe
23990;Verarbeitendes Gewerbe
24;Verarbeitendes Gewerbe
241;Verarbeitendes Gewerbe
241;Verarbeitendes Gewerbe
24100;Verarbeitendes Gewerbe
242;Verarbeitendes Gewerbe
242;Verarbeitendes Gewerbe
24201;Verarbeitendes Gewerbe
24202;Verarbeitendes Gewerbe
24203;Verarbeitendes Gewerbe
243;Verarbeitendes Gewerbe
2431;Verarbeitendes Gewerbe
24310;Verarbeitendes Gewerbe
2432;Verarbeitendes Gewerbe
24320;Verarbeitendes Gewerbe
2433;Verarbeitendes Gewerbe
24330;Verarbeitendes Gewerbe
2434;Verarbeitendes Gewerbe
24340;Verarbeitendes Gewerbe
244;Verarbeitendes Gewerbe
2441;Verarbeitendes Gewerbe
24410;Verarbeitendes Gewerbe
2442;Verarbeitendes Gewerbe
24420;Verarbeitendes Gewerbe
2443;Verarbeitendes Gewerbe
24430;Verarbeitendes Gewerbe
2444;Verarbeitendes Gewerbe
24440;Verarbeitendes Gewerbe
2445;Verarbeitendes Gewerbe
24450;Verarbeitendes Gewerbe
2446;Verarbeitendes Gewerbe
24460;Verarbeitendes Gewerbe
245;Verarbeitendes Gewerbe
2451;Verarbeitendes Gewerbe
24510;Verarbeitendes Gewerbe
2452;Verarbeitendes Gewerbe
24520;Verarbeitendes Gewerbe
2453;Verarbeitendes Gewerbe
24530;Verarbeitendes Gewerbe
2454;Verarbeitendes Gewerbe
24540;Verarbeitendes Gewerbe
25;Verarbeitendes Gewerbe
251;Verarbeitendes Gewerbe
2511;Verarbeitendes Gewerbe
25110;Verarbeitendes Gewerbe
2512;Verarbeitendes Gewerbe
25120;Verarbeitendes Gewerbe
252;Verarbeitendes Gewerbe
2521;Verarbeitendes Gewerbe
25210;Verarbeitendes Gewerbe
2529;Verarbeitendes Gewerbe
25290;Verarbeitendes Gewerbe
253;Verarbeitendes Gewerbe
253;Verarbeitendes Gewerbe
25300;Verarbeitendes Gewerbe
254;Verarbeitendes Gewerbe
254;Verarbeitendes Gewerbe
25400;Verarbeitendes Gewerbe
255;Verarbeitendes Gewerbe
255;Verarbeitendes Gewerbe
25501;Verarbeitendes Gewerbe
25502;Verarbeitendes Gewerbe
25503;Verarbeitendes Gewerbe
25504;Verarbeitendes Gewerbe
25505;Verarbeitendes Gewerbe
256;Verarbeitendes Gewerbe
2561;Verarbeitendes Gewerbe
25610;Verarbeitendes Gewerbe
2562;Verarbeitendes Gewerbe
25620;Verarbeitendes Gewerbe
257;Verarbeitendes Gewerbe
2571;Verarbeitendes Gewerbe
25710;Verarbeitendes Gewerbe
2572;Verarbeitendes Gewerbe
25720;Verarbeitendes Gewerbe
2573;Verarbeitendes Gewerbe
25731;Verarbeitendes Gewerbe
25732;Verarbeitendes Gewerbe
25733;Verarbeitendes Gewerbe
25734;Verarbeitendes Gewerbe
25735;Verarbeitendes Gewerbe
259;Verarbeitendes Gewerbe
2591;Verarbeitendes Gewerbe
25910;Verarbeitendes Gewerbe
2592;Verarbeitendes Gewerbe
25920;Verarbeitendes Gewerbe
2593;Verarbeitendes Gewerbe
25930;Verarbeitendes Gewerbe
2594;Verarbeitendes Gewerbe
25940;Verarbeitendes Gewerbe
2599;Verarbeitendes Gewerbe
25991;Verarbeitendes Gewerbe
25992;Verarbeitendes Gewerbe
25993;Verarbeitendes Gewerbe
26;Verarbeitendes Gewerbe
261;Verarbeitendes Gewerbe
2611;Verarbeitendes Gewerbe
26111;Verarbeitendes Gewerbe
26119;Verarbeitendes Gewerbe
2612;Verarbeitendes Gewerbe
26120;Verarbeitendes Gewerbe
262;Verarbeitendes Gewerbe
262;Verarbeitendes Gewerbe
26200;Verarbeitendes Gewerbe
263;Verarbeitendes Gewerbe
263;Verarbeitendes Gewerbe
26300;Verarbeitendes Gewerbe
264;Verarbeitendes Gewerbe
264;Verarbeitendes Gewerbe
26400;Verarbeitendes Gewerbe
265;Verarbeitendes Gewerbe
2651;Verarbeitendes Gewerbe
26511;Verarbeitendes Gewerbe
26512;Verarbeitendes Gewerbe
26513;Verarbeitendes Gewerbe
2652;Verarbeitendes Gewerbe
26520;Verarbeitendes Gewerbe
266;Verarbeitendes Gewerbe
266;Verarbeitendes Gewerbe
26600;Verarbeitendes Gewerbe
267;Verarbeitendes Gewerbe
267;Verarbeitendes Gewerbe
26700;Verarbeitendes Gewerbe
268;Verarbeitendes Gewerbe
268;Verarbeitendes Gewerbe
26800;Verarbeitendes Gewerbe
27;Verarbeitendes Gewerbe
271;Verarbeitendes Gewerbe
2711;Verarbeitendes Gewerbe
27110;Verarbeitendes Gewerbe
2712;Verarbeitendes Gewerbe
27120;Verarbeitendes Gewerbe
272;Verarbeitendes Gewerbe
272;Verarbeitendes Gewerbe
27200;Verarbeitendes Gewerbe
273;Verarbeitendes Gewerbe
2731;Verarbeitendes Gewerbe
27310;Verarbeitendes Gewerbe
2732;Verarbeitendes Gewerbe
27320;Verarbeitendes Gewerbe
2733;Verarbeitendes Gewerbe
27330;Verarbeitendes Gewerbe
274;Verarbeitendes Gewerbe
274;Verarbeitendes Gewerbe
27400;Verarbeitendes Gewerbe
275;Verarbeitendes Gewerbe
2751;Verarbeitendes Gewerbe
27510;Verarbeitendes Gewerbe
2752;Verarbeitendes Gewerbe
27520;Verarbeitendes Gewerbe
279;Verarbeitendes Gewerbe
279;Verarbeitendes Gewerbe
27900;Verarbeitendes Gewerbe
28;Verarbeitendes Gewerbe
281;Verarbeitendes Gewerbe
2811;Verarbeitendes Gewerbe
28110;Verarbeitendes Gewerbe
2812;Verarbeitendes Gewerbe
28120;Verarbeitendes Gewerbe
2813;Verarbeitendes Gewerbe
28130;Verarbeitendes Gewerbe
2814;Verarbeitendes Gewerbe
28140;Verarbeitendes Gewerbe
2815;Verarbeitendes Gewerbe
28150;Verarbeitendes Gewerbe
282;Verarbeitendes Gewerbe
2821;Verarbeitendes Gewerbe
28211;Verarbeitendes Gewerbe
28219;Verarbeitendes Gewerbe
2822;Verarbeitendes Gewerbe
28220;Verarbeitendes Gewerbe
2823;Verarbeitendes Gewerbe
28230;Verarbeitendes Gewerbe
2824;Verarbeitendes Gewerbe
28240;Verarbeitendes Gewerbe
2825;Verarbeitendes Gewerbe
28250;Verarbeitendes Gewerbe
2829;Verarbeitendes Gewerbe
28290;Verarbeitendes Gewerbe
283;Verarbeitendes Gewerbe
283;Verarbeitendes Gewerbe
28300;Verarbeitendes Gewerbe
284;Verarbeitendes Gewerbe
2841;Verarbeitendes Gewerbe
28410;Verarbeitendes Gewerbe
2849;Verarbeitendes Gewerbe
28491;Verarbeitendes Gewerbe
28492;Verarbeitendes Gewerbe
28493;Verarbeitendes Gewerbe
28499;Verarbeitendes Gewerbe
289;Verarbeitendes Gewerbe
2891;Verarbeitendes Gewerbe
28910;Verarbeitendes Gewerbe
2892;Verarbeitendes Gewerbe
28921;Verarbeitendes Gewerbe
28922;Verarbeitendes Gewerbe
2893;Verarbeitendes Gewerbe
28930;Verarbeitendes Gewerbe
2894;Verarbeitendes Gewerbe
28940;Verarbeitendes Gewerbe
2895;Verarbeitendes Gewerbe
28950;Verarbeitendes Gewerbe
2896;Verarbeitendes Gewerbe
28960;Verarbeitendes Gewerbe
2899;Verarbeitendes Gewerbe
28990;Verarbeitendes Gewerbe
29;Verarbeitendes Gewerbe
291;Verarbeitendes Gewerbe
291;Verarbeitendes Gewerbe
29101;Verarbeitendes Gewerbe
29102;Verarbeitendes Gewerbe
292;Verarbeitendes Gewerbe
292;Verarbeitendes Gewerbe
29200;Verarbeitendes Gewerbe
293;Verarbeitendes Gewerbe
2931;Verarbeitendes Gewerbe
29310;Verarbeitendes Gewerbe
2932;Verarbeitendes Gewerbe
29320;Verarbeitendes Gewerbe
30;Verarbeitendes Gewerbe
301;Verarbeitendes Gewerbe
3011;Verarbeitendes Gewerbe
30110;Verarbeitendes Gewerbe
3012;Verarbeitendes Gewerbe
30120;Verarbeitendes Gewerbe
302;Verarbeitendes Gewerbe
302;Verarbeitendes Gewerbe
30201;Verarbeitendes Gewerbe
30202;Verarbeitendes Gewerbe
303;Verarbeitendes Gewerbe
303;Verarbeitendes Gewerbe
30300;Verarbeitendes Gewerbe
304;Verarbeitendes Gewerbe
304;Verarbeitendes Gewerbe
30400;Verarbeitendes Gewerbe
309;Verarbeitendes Gewerbe
3091;Verarbeitendes Gewerbe
30910;Verarbeitendes Gewerbe
3092;Verarbeitendes Gewerbe
30920;Verarbeitendes Gewerbe
3099;Verarbeitendes Gewerbe
30990;Verarbeitendes Gewerbe
31;Verarbeitendes Gewerbe
31;Verarbeitendes Gewerbe
3101;Verarbeitendes Gewerbe
31011;Verarbeitendes Gewerbe
31012;Verarbeitendes Gewerbe
3102;Verarbeitendes Gewerbe
31020;Verarbeitendes Gewerbe
3103;Verarbeitendes Gewerbe
31030;Verarbeitendes Gewerbe
3109;Verarbeitendes Gewerbe
31091;Verarbeitendes Gewerbe
31099;Verarbeitendes Gewerbe
32;Verarbeitendes Gewerbe
321;Verarbeitendes Gewerbe
3211;Verarbeitendes Gewerbe
32110;Verarbeitendes Gewerbe
3212;Verarbeitendes Gewerbe
32120;Verarbeitendes Gewerbe
3213;Verarbeitendes Gewerbe
32130;Verarbeitendes Gewerbe
322;Verarbeitendes Gewerbe
322;Verarbeitendes Gewerbe
32200;Verarbeitendes Gewerbe
323;Verarbeitendes Gewerbe
323;Verarbeitendes Gewerbe
32300;Verarbeitendes Gewerbe
324;Verarbeitendes Gewerbe
324;Verarbeitendes Gewerbe
32400;Verarbeitendes Gewerbe
325;Verarbeitendes Gewerbe
325;Verarbeitendes Gewerbe
32501;Verarbeitendes Gewerbe
32502;Verarbeitendes Gewerbe
32503;Verarbeitendes Gewerbe
329;Verarbeitendes Gewerbe
3291;Verarbeitendes Gewerbe
32910;Verarbeitendes Gewerbe
3299;Verarbeitendes Gewerbe
32990;Verarbeitendes Gewerbe
33;Verarbeitendes Gewerbe
331;Verarbeitendes Gewerbe
3311;Verarbeitendes Gewerbe
33110;Verarbeitendes Gewerbe
3312;Verarbeitendes Gewerbe
33120;Verarbeitendes Gewerbe
3313;Verarbeitendes Gewerbe
33130;Verarbeitendes Gewerbe
3314;Verarbeitendes Gewerbe
33140;Verarbeitendes Gewerbe
3315;Verarbeitendes Gewerbe
33150;Verarbeitendes Gewerbe
3316;Verarbeitendes Gewerbe
33160;Verarbeitendes Gewerbe
3317;Verarbeitendes Gewerbe
33170;Verarbeitendes Gewerbe
3319;Verarbeitendes Gewerbe
33190;Verarbeitendes Gewerbe
332;Verarbeitendes Gewerbe
332;Verarbeitendes Gewerbe
33200;Verarbeitendes Gewerbe
35;Energieversorgung
351;Energieversorgung
3511;Energieversorgung
35111;Energieversorgung
35112;Energieversorgung
35113;Energieversorgung
3512;Energieversorgung
35120;Energieversorgung
3513;Energieversorgung
35130;Energieversorgung
3514;Energieversorgung
35140;Energieversorgung
352;Energieversorgung
3521;Energieversorgung
35211;Energieversorgung
35212;Energieversorgung
35213;Energieversorgung
3522;Energieversorgung
35220;Energieversorgung
3523;Energieversorgung
35230;Energieversorgung
353;Energieversorgung
353;Energieversorgung
35300;Energieversorgung
36;Wasserversorgung; Abwasser- und Abfallentsorgung und Beseitigung von Umweltverschmutzungen
36;Wasserversorgung; Abwasser- und Abfallentsorgung und Beseitigung von Umweltverschmutzungen
36;Wasserversorgung; Abwasser- und Abfallentsorgung und Beseitigung von Umweltverschmutzungen
36001;Wasserversorgung; Abwasser- und Abfallentsorgung und Beseitigung von Umweltverschmutzungen
36002;Wasserversorgung; Abwasser- und Abfallentsorgung und Beseitigung von Umweltverschmutzungen
36003;Wasserversorgung; Abwasser- und Abfallentsorgung und Beseitigung von Umweltverschmutzungen
37;Wasserversorgung; Abwasser- und Abfallentsorgung und Beseitigung von Umweltverschmutzungen
37;Wasserversorgung; Abwasser- und Abfallentsorgung und Beseitigung von Umweltverschmutzungen
37;Wasserversorgung; Abwasser- und Abfallentsorgung und Beseitigung von Umweltverschmutzungen
37001;Wasserversorgung; Abwasser- und Abfallentsorgung und Beseitigung von Umweltverschmutzungen
37002;Wasserversorgung; Abwasser- und Abfallentsorgung und Beseitigung von Umweltverschmutzungen
38;Wasserversorgung; Abwasser- und Abfallentsorgung und Beseitigung von Umweltverschmutzungen
381;Wasserversorgung; Abwasser- und Abfallentsorgung und Beseitigung von Umweltverschmutzungen
3811;Wasserversorgung; Abwasser- und Abfallentsorgung und Beseitigung von Umweltverschmutzungen
38110;Wasserversorgung; Abwasser- und Abfallentsorgung und Beseitigung von Umweltverschmutzungen
3812;Wasserversorgung; Abwasser- und Abfallentsorgung und Beseitigung von Umweltverschmutzungen
38120;Wasserversorgung; Abwasser- und Abfallentsorgung und Beseitigung von Umweltverschmutzungen
382;Wasserversorgung; Abwasser- und Abfallentsorgung und Beseitigung von Umweltverschmutzungen
3821;Wasserversorgung; Abwasser- und Abfallentsorgung und Beseitigung von Umweltverschmutzungen
38210;Wasserversorgung; Abwasser- und Abfallentsorgung und Beseitigung von Umweltverschmutzungen
3822;Wasserversorgung; Abwasser- und Abfallentsorgung und Beseitigung von Umweltverschmutzungen
38220;Wasserversorgung; Abwasser- und Abfallentsorgung und Beseitigung von Umweltverschmutzungen
383;Wasserversorgung; Abwasser- und Abfallentsorgung und Beseitigung von Umweltverschmutzungen
3831;Wasserversorgung; Abwasser- und Abfallentsorgung und Beseitigung von Umweltverschmutzungen
38310;Wasserversorgung; Abwasser- und Abfallentsorgung und Beseitigung von Umweltverschmutzungen
3832;Wasserversorgung; Abwasser- und Abfallentsorgung und Beseitigung von Umweltverschmutzungen
38320;Wasserversorgung; Abwasser- und Abfallentsorgung und Beseitigung von Umweltverschmutzungen
39;Wasserversorgung; Abwasser- und Abfallentsorgung und Beseitigung von Umweltverschmutzungen
39;Wasserversorgung; Abwasser- und Abfallentsorgung und Beseitigung von Umweltverschmutzungen
39;Wasserversorgung; Abwasser- und Abfallentsorgung und Beseitigung von Umweltverschmutzungen
39000;Wasserversorgung; Abwasser- und Abfallentsorgung und Beseitigung von Umweltverschmutzungen
41;Baugewerbe
411;Baugewerbe
411;Baugewerbe
41101;Baugewerbe
41102;Baugewerbe
41103;Baugewerbe
412;Baugewerbe
412;Baugewerbe
41201;Baugewerbe
41202;Baugewerbe
42;Baugewerbe
421;Baugewerbe
4211;Baugewerbe
42110;Baugewerbe
4212;Baugewerbe
42120;Baugewerbe
4213;Baugewerbe
42130;Baugewerbe
422;Baugewerbe
4221;Baugewerbe
42210;Baugewerbe
4222;Baugewerbe
42220;Baugewerbe
429;Baugewerbe
4291;Baugewerbe
42910;Baugewerbe
4299;Baugewerbe
42990;Baugewerbe
43;Baugewerbe
431;Baugewerbe
4311;Baugewerbe
43110;Baugewerbe
4312;Baugewerbe
43120;Baugewerbe
4313;Baugewerbe
43130;Baugewerbe
432;Baugewerbe
4321;Baugewerbe
43210;Baugewerbe
4322;Baugewerbe
43220;Baugewerbe
4329;Baugewerbe
43291;Baugewerbe
43299;Baugewerbe
433;Baugewerbe
4331;Baugewerbe
43310;Baugewerbe
4332;Baugewerbe
43320;Baugewerbe
4333;Baugewerbe
43330;Baugewerbe
4334;Baugewerbe
43341;Baugewerbe
43342;Baugewerbe
4339;Baugewerbe
43390;Baugewerbe
439;Baugewerbe
4391;Baugewerbe
43911;Baugewerbe
43912;Baugewerbe
4399;Baugewerbe
43991;Baugewerbe
43992;Baugewerbe
43999;Baugewerbe
45;Handel; Instandhaltung und Reparatur von Kraftfahrzeugen
451;Handel; Instandhaltung und Reparatur von Kraftfahrzeugen
4511;Handel; Instandhaltung und Reparatur von Kraftfahrzeugen
45110;Handel; Instandhaltung und Reparatur von Kraftfahrzeugen
4519;Handel; Instandhaltung und Reparatur von Kraftfahrzeugen
45190;Handel; Instandhaltung und Reparatur von Kraftfahrzeugen
452;Handel; Instandhaltung und Reparatur von Kraftfahrzeugen
452;Handel; Instandhaltung und Reparatur von Kraftfahrzeugen
45201;Handel; Instandhaltung und Reparatur von Kraftfahrzeugen
45202;Handel; Instandhaltung und Reparatur von Kraftfahrzeugen
45203;Handel; Instandhaltung und Reparatur von Kraftfahrzeugen
45204;Handel; Instandhaltung und Reparatur von Kraftfahrzeugen
453;Handel; Instandhaltung und Reparatur von Kraftfahrzeugen
4531;Handel; Instandhaltung und Reparatur von Kraftfahrzeugen
45310;Handel; Instandhaltung und Reparatur von Kraftfahrzeugen
4532;Handel; Instandhaltung und Reparatur von Kraftfahrzeugen
45320;Handel; Instandhaltung und Reparatur von Kraftfahrzeugen
454;Handel; Instandhaltung und Reparatur von Kraftfahrzeugen
454;Handel; Instandhaltung und Reparatur von Kraftfahrzeugen
45400;Handel; Instandhaltung und Reparatur von Kraftfahrzeugen
46;Handel; Instandhaltung und Reparatur von Kraftfahrzeugen
461;Handel; Instandhaltung und Reparatur von Kraftfahrzeugen
4611;Handel; Instandhaltung und Reparatur von Kraftfahrzeugen
46110;Handel; Instandhaltung und Reparatur von Kraftfahrzeugen
4612;Handel; Instandhaltung und Reparatur von Kraftfahrzeugen
46120;Handel; Instandhaltung und Reparatur von Kraftfahrzeugen
4613;Handel; Instandhaltung und Reparatur von Kraftfahrzeugen
46131;Handel; Instandhaltung und Reparatur von Kraftfahrzeugen
46132;Handel; Instandhaltung und Reparatur von Kraftfahrzeugen
4614;Handel; Instandhaltung und Reparatur von Kraftfahrzeugen
46141;Handel; Instandhaltung und Reparatur von Kraftfahrzeugen
46142;Handel; Instandhaltung und Reparatur von Kraftfahrzeugen
46143;Handel; Instandhaltung und Reparatur von Kraftfahrzeugen
46144;Handel; Instandhaltung und Reparatur von Kraftfahrzeugen
46145;Handel; Instandhaltung und Reparatur von Kraftfahrzeugen
46146;Handel; Instandhaltung und Reparatur von Kraftfahrzeugen
46147;Handel; Instandhaltung und Reparatur von Kraftfahrzeugen
46149;Handel; Instandhaltung und Reparatur von Kraftfahrzeugen
4615;Handel; Instandhaltung und Reparatur von Kraftfahrzeugen
46151;Handel; Instandhaltung und Reparatur von Kraftfahrzeugen
46152;Handel; Instandhaltung und Reparatur von Kraftfahrzeugen
46153;Handel; Instandhaltung und Reparatur von Kraftfahrzeugen
46154;Handel; Instandhaltung und Reparatur von Kraftfahrzeugen
46155;Handel; Instandhaltung und Reparatur von Kraftfahrzeugen
4616;Handel; Instandhaltung und Reparatur von Kraftfahrzeugen
46161;Handel; Instandhaltung und Reparatur von Kraftfahrzeugen
46162;Handel; Instandhaltung und Reparatur von Kraftfahrzeugen
46163;Handel; Instandhaltung und Reparatur von Kraftfahrzeugen
46164;Handel; Instandhaltung und Reparatur von Kraftfahrzeugen
46165;Handel; Instandhaltung und Reparatur von Kraftfahrzeugen
4617;Handel; Instandhaltung und Reparatur von Kraftfahrzeugen
46171;Handel; Instandhaltung und Reparatur von Kraftfahrzeugen
46172;Handel; Instandhaltung und Reparatur von Kraftfahrzeugen
46179;Handel; Instandhaltung und Reparatur von Kraftfahrzeugen
4618;Handel; Instandhaltung und Reparatur von Kraftfahrzeugen
46181;Handel; Instandhaltung und Reparatur von Kraftfahrzeugen
46182;Handel; Instandhaltung und Reparatur von Kraftfahrzeugen
46183;Handel; Instandhaltung und Reparatur von Kraftfahrzeugen
46184;Handel; Instandhaltung und Reparatur von Kraftfahrzeugen
46185;Handel; Instandhaltung und Reparatur von Kraftfahrzeugen
46186;Handel; Instandhaltung und Reparatur von Kraftfahrzeugen
46187;Handel; Instandhaltung und Reparatur von Kraftfahrzeugen
46189;Handel; Instandhaltung und Reparatur von Kraftfahrzeugen
4619;Handel; Instandhaltung und Reparatur von Kraftfahrzeugen
46190;Handel; Instandhaltung und Reparatur von Kraftfahrzeugen
462;Handel; Instandhaltung und Reparatur von Kraftfahrzeugen
4621;Handel; Instandhaltung und Reparatur von Kraftfahrzeugen
46210;Handel; Instandhaltung und Reparatur von Kraftfahrzeugen
4622;Handel; Instandhaltung und Reparatur von Kraftfahrzeugen
46220;Handel; Instandhaltung und Reparatur von Kraftfahrzeugen
4623;Handel; Instandhaltung und Reparatur von Kraftfahrzeugen
46230;Handel; Instandhaltung und Reparatur von Kraftfahrzeugen
4624;Handel; Instandhaltung und Reparatur von Kraftfahrzeugen
46240;Handel; Instandhaltung und Reparatur von Kraftfahrzeugen
463;Handel; Instandhaltung und Reparatur von Kraftfahrzeugen
4631;Handel; Instandhaltung und Reparatur von Kraftfahrzeugen
46310;Handel; Instandhaltung und Reparatur von Kraftfahrzeugen
4632;Handel; Instandhaltung und Reparatur von Kraftfahrzeugen
46320;Handel; Instandhaltung und Reparatur von Kraftfahrzeugen
4633;Handel; Instandhaltung und Reparatur von Kraftfahrzeugen
46330;Handel; Instandhaltung und Reparatur von Kraftfahrzeugen
4634;Handel; Instandhaltung und Reparatur von Kraftfahrzeugen
46340;Handel; Instandhaltung und Reparatur von Kraftfahrzeugen
4635;Handel; Instandhaltung und Reparatur von Kraftfahrzeugen
46350;Handel; Instandhaltung und Reparatur von Kraftfahrzeugen
4636;Handel; Instandhaltung und Reparatur von Kraftfahrzeugen
46360;Handel; Instandhaltung und Reparatur von Kraftfahrzeugen
4637;Handel; Instandhaltung und Reparatur von Kraftfahrzeugen
46370;Handel; Instandhaltung und Reparatur von Kraftfahrzeugen
4638;Handel; Instandhaltung und Reparatur von Kraftfahrzeugen
46381;Handel; Instandhaltung und Reparatur von Kraftfahrzeugen
46382;Handel; Instandhaltung und Reparatur von Kraftfahrzeugen
46389;Handel; Instandhaltung und Reparatur von Kraftfahrzeugen
4639;Handel; Instandhaltung und Reparatur von Kraftfahrzeugen
46391;Handel; Instandhaltung und Reparatur von Kraftfahrzeugen
46399;Handel; Instandhaltung und Reparatur von Kraftfahrzeugen
464;Handel; Instandhaltung und Reparatur von Kraftfahrzeugen
4641;Handel; Instandhaltung und Reparatur von Kraftfahrzeugen
46410;Handel; Instandhaltung und Reparatur von Kraftfahrzeugen
4642;Handel; Instandhaltung und Reparatur von Kraftfahrzeugen
46421;Handel; Instandhaltung und Reparatur von Kraftfahrzeugen
46422;Handel; Instandhaltung und Reparatur von Kraftfahrzeugen
4643;Handel; Instandhaltung und Reparatur von Kraftfahrzeugen
46431;Handel; Instandhaltung und Reparatur von Kraftfahrzeugen
46432;Handel; Instandhaltung und Reparatur von Kraftfahrzeugen
46433;Handel; Instandhaltung und Reparatur von Kraftfahrzeugen
4644;Handel; Instandhaltung und Reparatur von Kraftfahrzeugen
46441;Handel; Instandhaltung und Reparatur von Kraftfahrzeugen
46442;Handel; Instandhaltung und Reparatur von Kraftfahrzeugen
4645;Handel; Instandhaltung und Reparatur von Kraftfahrzeugen
46450;Handel; Instandhaltung und Reparatur von Kraftfahrzeugen
4646;Handel; Instandhaltung und Reparatur von Kraftfahrzeugen
46461;Handel; Instandhaltung und Reparatur von Kraftfahrzeugen
46462;Handel; Instandhaltung und Reparatur von Kraftfahrzeugen
4647;Handel; Instandhaltung und Reparatur von Kraftfahrzeugen
46470;Handel; Instandhaltung und Reparatur von Kraftfahrzeugen
4648;Handel; Instandhaltung und Reparatur von Kraftfahrzeugen
46480;Handel; Instandhaltung und Reparatur von Kraftfahrzeugen
4649;Handel; Instandhaltung und Reparatur von Kraftfahrzeugen
46491;Handel; Instandhaltung und Reparatur von Kraftfahrzeugen
46492;Handel; Instandhaltung und Reparatur von Kraftfahrzeugen
46493;Handel; Instandhaltung und Reparatur von Kraftfahrzeugen
46494;Handel; Instandhaltung und Reparatur von Kraftfahrzeugen
46495;Handel; Instandhaltung und Reparatur von Kraftfahrzeugen
465;Handel; Instandhaltung und Reparatur von Kraftfahrzeugen
4651;Handel; Instandhaltung und Reparatur von Kraftfahrzeugen
46510;Handel; Instandhaltung und Reparatur von Kraftfahrzeugen
4652;Handel; Instandhaltung und Reparatur von Kraftfahrzeugen
46520;Handel; Instandhaltung und Reparatur von Kraftfahrzeugen
466;Handel; Instandhaltung und Reparatur von Kraftfahrzeugen
4661;Handel; Instandhaltung und Reparatur von Kraftfahrzeugen
46610;Handel; Instandhaltung und Reparatur von Kraftfahrzeugen
4662;Handel; Instandhaltung und Reparatur von Kraftfahrzeugen
46620;Handel; Instandhaltung und Reparatur von Kraftfahrzeugen
4663;Handel; Instandhaltung und Reparatur von Kraftfahrzeugen
46630;Handel; Instandhaltung und Reparatur von Kraftfahrzeugen
4664;Handel; Instandhaltung und Reparatur von Kraftfahrzeugen
46640;Handel; Instandhaltung und Reparatur von Kraftfahrzeugen
4665;Handel; Instandhaltung und Reparatur von Kraftfahrzeugen
46650;Handel; Instandhaltung und Reparatur von Kraftfahrzeugen
4666;Handel; Instandhaltung und Reparatur von Kraftfahrzeugen
46660;Handel; Instandhaltung und Reparatur von Kraftfahrzeugen
4669;Handel; Instandhaltung und Reparatur von Kraftfahrzeugen
46691;Handel; Instandhaltung und Reparatur von Kraftfahrzeugen
46692;Handel; Instandhaltung und Reparatur von Kraftfahrzeugen
46693;Handel; Instandhaltung und Reparatur von Kraftfahrzeugen
467;Handel; Instandhaltung und Reparatur von Kraftfahrzeugen
4671;Handel; Instandhaltung und Reparatur von Kraftfahrzeugen
46711;Handel; Instandhaltung und Reparatur von Kraftfahrzeugen
46712;Handel; Instandhaltung und Reparatur von Kraftfahrzeugen
4672;Handel; Instandhaltung und Reparatur von Kraftfahrzeugen
46721;Handel; Instandhaltung und Reparatur von Kraftfahrzeugen
46722;Handel; Instandhaltung und Reparatur von Kraftfahrzeugen
4673;Handel; Instandhaltung und Reparatur von Kraftfahrzeugen
46731;Handel; Instandhaltung und Reparatur von Kraftfahrzeugen
46732;Handel; Instandhaltung und Reparatur von Kraftfahrzeugen
46733;Handel; Instandhaltung und Reparatur von Kraftfahrzeugen
46734;Handel; Instandhaltung und Reparatur von Kraftfahrzeugen
46735;Handel; Instandhaltung und Reparatur von Kraftfahrzeugen
46736;Handel; Instandhaltung und Reparatur von Kraftfahrzeugen
46737;Handel; Instandhaltung und Reparatur von Kraftfahrzeugen
46738;Handel; Instandhaltung und Reparatur von Kraftfahrzeugen
4674;Handel; Instandhaltung und Reparatur von Kraftfahrzeugen
46741;Handel; Instandhaltung und Reparatur von Kraftfahrzeugen
46742;Handel; Instandhaltung und Reparatur von Kraftfahrzeugen
46743;Handel; Instandhaltung und Reparatur von Kraftfahrzeugen
4675;Handel; Instandhaltung und Reparatur von Kraftfahrzeugen
46750;Handel; Instandhaltung und Reparatur von Kraftfahrzeugen
4676;Handel; Instandhaltung und Reparatur von Kraftfahrzeugen
46760;Handel; Instandhaltung und Reparatur von Kraftfahrzeugen
4677;Handel; Instandhaltung und Reparatur von Kraftfahrzeugen
46770;Handel; Instandhaltung und Reparatur von Kraftfahrzeugen
469;Handel; Instandhaltung und Reparatur von Kraftfahrzeugen
469;Handel; Instandhaltung und Reparatur von Kraftfahrzeugen
46901;Handel; Instandhaltung und Reparatur von Kraftfahrzeugen
46902;Handel; Instandhaltung und Reparatur von Kraftfahrzeugen
46903;Handel; Instandhaltung und Reparatur von Kraftfahrzeugen
47;Handel; Instandhaltung und Reparatur von Kraftfahrzeugen
471;Handel; Instandhaltung und Reparatur von Kraftfahrzeugen
4711;Handel; Instandhaltung und Reparatur von Kraftfahrzeugen
47111;Handel; Instandhaltung und Reparatur von Kraftfahrzeugen
47112;Handel; Instandhaltung und Reparatur von Kraftfahrzeugen
4719;Handel; Instandhaltung und Reparatur von Kraftfahrzeugen
47191;Handel; Instandhaltung und Reparatur von Kraftfahrzeugen
47192;Handel; Instandhaltung und Reparatur von Kraftfahrzeugen
472;Handel; Instandhaltung und Reparatur von Kraftfahrzeugen
4721;Handel; Instandhaltung und Reparatur von Kraftfahrzeugen
47210;Handel; Instandhaltung und Reparatur von Kraftfahrzeugen
4722;Handel; Instandhaltung und Reparatur von Kraftfahrzeugen
47220;Handel; Instandhaltung und Reparatur von Kraftfahrzeugen
4723;Handel; Instandhaltung und Reparatur von Kraftfahrzeugen
47230;Handel; Instandhaltung und Reparatur von Kraftfahrzeugen
4724;Handel; Instandhaltung und Reparatur von Kraftfahrzeugen
47240;Handel; Instandhaltung und Reparatur von Kraftfahrzeugen
4725;Handel; Instandhaltung und Reparatur von Kraftfahrzeugen
47250;Handel; Instandhaltung und Reparatur von Kraftfahrzeugen
4726;Handel; Instandhaltung und Reparatur von Kraftfahrzeugen
47260;Handel; Instandhaltung und Reparatur von Kraftfahrzeugen
4729;Handel; Instandhaltung und Reparatur von Kraftfahrzeugen
47290;Handel; Instandhaltung und Reparatur von Kraftfahrzeugen
473;Handel; Instandhaltung und Reparatur von Kraftfahrzeugen
473;Handel; Instandhaltung und Reparatur von Kraftfahrzeugen
47301;Handel; Instandhaltung und Reparatur von Kraftfahrzeugen
47302;Handel; Instandhaltung und Reparatur von Kraftfahrzeugen
474;Handel; Instandhaltung und Reparatur von Kraftfahrzeugen
4741;Handel; Instandhaltung und Reparatur von Kraftfahrzeugen
47410;Handel; Instandhaltung und Reparatur von Kraftfahrzeugen
4742;Handel; Instandhaltung und Reparatur von Kraftfahrzeugen
47420;Handel; Instandhaltung und Reparatur von Kraftfahrzeugen
4743;Handel; Instandhaltung und Reparatur von Kraftfahrzeugen
47430;Handel; Instandhaltung und Reparatur von Kraftfahrzeugen
475;Handel; Instandhaltung und Reparatur von Kraftfahrzeugen
4751;Handel; Instandhaltung und Reparatur von Kraftfahrzeugen
47510;Handel; Instandhaltung und Reparatur von Kraftfahrzeugen
4752;Handel; Instandhaltung und Reparatur von Kraftfahrzeugen
47521;Handel; Instandhaltung und Reparatur von Kraftfahrzeugen
47523;Handel; Instandhaltung und Reparatur von Kraftfahrzeugen
4753;Handel; Instandhaltung und Reparatur von Kraftfahrzeugen
47530;Handel; Instandhaltung und Reparatur von Kraftfahrzeugen
4754;Handel; Instandhaltung und Reparatur von Kraftfahrzeugen
47540;Handel; Instandhaltung und Reparatur von Kraftfahrzeugen
4759;Handel; Instandhaltung und Reparatur von Kraftfahrzeugen
47591;Handel; Instandhaltung und Reparatur von Kraftfahrzeugen
47592;Handel; Instandhaltung und Reparatur von Kraftfahrzeugen
47593;Handel; Instandhaltung und Reparatur von Kraftfahrzeugen
47599;Handel; Instandhaltung und Reparatur von Kraftfahrzeugen
476;Handel; Instandhaltung und Reparatur von Kraftfahrzeugen
4761;Handel; Instandhaltung und Reparatur von Kraftfahrzeugen
47610;Handel; Instandhaltung und Reparatur von Kraftfahrzeugen
4762;Handel; Instandhaltung und Reparatur von Kraftfahrzeugen
47621;Handel; Instandhaltung und Reparatur von Kraftfahrzeugen
47622;Handel; Instandhaltung und Reparatur von Kraftfahrzeugen
4763;Handel; Instandhaltung und Reparatur von Kraftfahrzeugen
47630;Handel; Instandhaltung und Reparatur von Kraftfahrzeugen
4764;Handel; Instandhaltung und Reparatur von Kraftfahrzeugen
47641;Handel; Instandhaltung und Reparatur von Kraftfahrzeugen
47642;Handel; Instandhaltung und Reparatur von Kraftfahrzeugen
4765;Handel; Instandhaltung und Reparatur von Kraftfahrzeugen
47650;Handel; Instandhaltung und Reparatur von Kraftfahrzeugen
477;Handel; Instandhaltung und Reparatur von Kraftfahrzeugen
4771;Handel; Instandhaltung und Reparatur von Kraftfahrzeugen
47710;Handel; Instandhaltung und Reparatur von Kraftfahrzeugen
4772;Handel; Instandhaltung und Reparatur von Kraftfahrzeugen
47721;Handel; Instandhaltung und Reparatur von Kraftfahrzeugen
47722;Handel; Instandhaltung und Reparatur von Kraftfahrzeugen
4773;Handel; Instandhaltung und Reparatur von Kraftfahrzeugen
47730;Handel; Instandhaltung und Reparatur von Kraftfahrzeugen
4774;Handel; Instandhaltung und Reparatur von Kraftfahrzeugen
47740;Handel; Instandhaltung und Reparatur von Kraftfahrzeugen
4775;Handel; Instandhaltung und Reparatur von Kraftfahrzeugen
47750;Handel; Instandhaltung und Reparatur von Kraftfahrzeugen
4776;Handel; Instandhaltung und Reparatur von Kraftfahrzeugen
47761;Handel; Instandhaltung und Reparatur von Kraftfahrzeugen
47762;Handel; Instandhaltung und Reparatur von Kraftfahrzeugen
4777;Handel; Instandhaltung und Reparatur von Kraftfahrzeugen
47770;Handel; Instandhaltung und Reparatur von Kraftfahrzeugen
4778;Handel; Instandhaltung und Reparatur von Kraftfahrzeugen
47781;Handel; Instandhaltung und Reparatur von Kraftfahrzeugen
47782;Handel; Instandhaltung und Reparatur von Kraftfahrzeugen
47783;Handel; Instandhaltung und Reparatur von Kraftfahrzeugen
47789;Handel; Instandhaltung und Reparatur von Kraftfahrzeugen
4779;Handel; Instandhaltung und Reparatur von Kraftfahrzeugen
47791;Handel; Instandhaltung und Reparatur von Kraftfahrzeugen
47792;Handel; Instandhaltung und Reparatur von Kraftfahrzeugen
47799;Handel; Instandhaltung und Reparatur von Kraftfahrzeugen
478;Handel; Instandhaltung und Reparatur von Kraftfahrzeugen
4781;Handel; Instandhaltung und Reparatur von Kraftfahrzeugen
47810;Handel; Instandhaltung und Reparatur von Kraftfahrzeugen
4782;Handel; Instandhaltung und Reparatur von Kraftfahrzeugen
47820;Handel; Instandhaltung und Reparatur von Kraftfahrzeugen
4789;Handel; Instandhaltung und Reparatur von Kraftfahrzeugen
47890;Handel; Instandhaltung und Reparatur von Kraftfahrzeugen
479;Handel; Instandhaltung und Reparatur von Kraftfahrzeugen
4791;Handel; Instandhaltung und Reparatur von Kraftfahrzeugen
47911;Handel; Instandhaltung und Reparatur von Kraftfahrzeugen
47919;Handel; Instandhaltung und Reparatur von Kraftfahrzeugen
4799;Handel; Instandhaltung und Reparatur von Kraftfahrzeugen
47991;Handel; Instandhaltung und Reparatur von Kraftfahrzeugen
47999;Handel; Instandhaltung und Reparatur von Kraftfahrzeugen
49;Verkehr und Lagerei
491;Verkehr und Lagerei
491;Verkehr und Lagerei
49100;Verkehr und Lagerei
492;Verkehr und Lagerei
492;Verkehr und Lagerei
49200;Verkehr und Lagerei
493;Verkehr und Lagerei
4931;Verkehr und Lagerei
49310;Verkehr und Lagerei
4932;Verkehr und Lagerei
49320;Verkehr und Lagerei
4939;Verkehr und Lagerei
49391;Verkehr und Lagerei
49392;Verkehr und Lagerei
49399;Verkehr und Lagerei
494;Verkehr und Lagerei
4941;Verkehr und Lagerei
49410;Verkehr und Lagerei
4942;Verkehr und Lagerei
49420;Verkehr und Lagerei
495;Verkehr und Lagerei
495;Verkehr und Lagerei
49500;Verkehr und Lagerei
50;Verkehr und Lagerei
501;Verkehr und Lagerei
501;Verkehr und Lagerei
50100;Verkehr und Lagerei
502;Verkehr und Lagerei
502;Verkehr und Lagerei
50200;Verkehr und Lagerei
503;Verkehr und Lagerei
503;Verkehr und Lagerei
50300;Verkehr und Lagerei
504;Verkehr und Lagerei
504;Verkehr und Lagerei
50400;Verkehr und Lagerei
51;Verkehr und Lagerei
511;Verkehr und Lagerei
511;Verkehr und Lagerei
51100;Verkehr und Lagerei
512;Verkehr und Lagerei
5121;Verkehr und Lagerei
51210;Verkehr und Lagerei
5122;Verkehr und Lagerei
51220;Verkehr und Lagerei
52;Verkehr und Lagerei
521;Verkehr und Lagerei
521;Verkehr und Lagerei
52100;Verkehr und Lagerei
522;Verkehr und Lagerei
5221;Verkehr und Lagerei
52211;Verkehr und Lagerei
52212;Verkehr und Lagerei
52213;Verkehr und Lagerei
52214;Verkehr und Lagerei
52215;Verkehr und Lagerei
52219;Verkehr und Lagerei
5222;Verkehr und Lagerei
52221;Verkehr und Lagerei
52222;Verkehr und Lagerei
52223;Verkehr und Lagerei
52229;Verkehr und Lagerei
5223;Verkehr und Lagerei
52231;Verkehr und Lagerei
52239;Verkehr und Lagerei
5224;Verkehr und Lagerei
52240;Verkehr und Lagerei
5229;Verkehr und Lagerei
52291;Verkehr und Lagerei
52292;Verkehr und Lagerei
52299;Verkehr und Lagerei
53;Verkehr und Lagerei
531;Verkehr und Lagerei
531;Verkehr und Lagerei
53100;Verkehr und Lagerei
532;Verkehr und Lagerei
532;Verkehr und Lagerei
53200;Verkehr und Lagerei
55;Gastgewerbe
551;Gastgewerbe
551;Gastgewerbe
55101;Gastgewerbe
55102;Gastgewerbe
55103;Gastgewerbe
55104;Gastgewerbe
552;Gastgewerbe
552;Gastgewerbe
55201;Gastgewerbe
55202;Gastgewerbe
55203;Gastgewerbe
55204;Gastgewerbe
553;Gastgewerbe
553;Gastgewerbe
55300;Gastgewerbe
559;Gastgewerbe
559;Gastgewerbe
55901;Gastgewerbe
55909;Gastgewerbe
56;Gastgewerbe
561;Gastgewerbe
561;Gastgewerbe
56101;Gastgewerbe
56102;Gastgewerbe
56103;Gastgewerbe
56104;Gastgewerbe
56105;Gastgewerbe
562;Gastgewerbe
5621;Gastgewerbe
56210;Gastgewerbe
5629;Gastgewerbe
56290;Gastgewerbe
563;Gastgewerbe
563;Gastgewerbe
56301;Gastgewerbe
56302;Gastgewerbe
56303;Gastgewerbe
56304;Gastgewerbe
56309;Gastgewerbe
58;Information und Kommunikation
581;Information und Kommunikation
5811;Information und Kommunikation
58110;Information und Kommunikation
5812;Information und Kommunikation
58120;Information und Kommunikation
5813;Information und Kommunikation
58130;Information und Kommunikation
5814;Information und Kommunikation
58140;Information und Kommunikation
5819;Information und Kommunikation
58190;Information und Kommunikation
582;Information und Kommunikation
5821;Information und Kommunikation
58210;Information und Kommunikation
5829;Information und Kommunikation
58290;Information und Kommunikation
59;Information und Kommunikation
591;Information und Kommunikation
5911;Information und Kommunikation
59110;Information und Kommunikation
5912;Information und Kommunikation
59120;Information und Kommunikation
5913;Information und Kommunikation
59130;Information und Kommunikation
5914;Information und Kommunikation
59140;Information und Kommunikation
592;Information und Kommunikation
592;Information und Kommunikation
59201;Information und Kommunikation
59202;Information und Kommunikation
59203;Information und Kommunikation
60;Information und Kommunikation
601;Information und Kommunikation
601;Information und Kommunikation
60100;Information und Kommunikation
602;Information und Kommunikation
602;Information und Kommunikation
60200;Information und Kommunikation
61;Information und Kommunikation
611;Information und Kommunikation
611;Information und Kommunikation
61100;Information und Kommunikation
612;Information und Kommunikation
612;Information und Kommunikation
61200;Information und Kommunikation
613;Information und Kommunikation
613;Information und Kommunikation
61300;Information und Kommunikation
619;Information und Kommunikation
619;Information und Kommunikation
61901;Information und Kommunikation
61909;Information und Kommunikation
62;Information und Kommunikation
62;Information und Kommunikation
6201;Information und Kommunikation
62011;Information und Kommunikation
62019;Information und Kommunikation
6202;Information und Kommunikation
62020;Information und Kommunikation
6203;Information und Kommunikation
62030;Information und Kommunikation
6209;Information und Kommunikation
62090;Information und Kommunikation
63;Information und Kommunikation
631;Information und Kommunikation
6311;Information und Kommunikation
63110;Information und Kommunikation
6312;Information und Kommunikation
63120;Information und Kommunikation
639;Information und Kommunikation
6391;Information und Kommunikation
63910;Information und Kommunikation
6399;Information und Kommunikation
63990;Information und Kommunikation
64;Erbringung von Finanz- und Versicherungsdienstleistungen
641;Erbringung von Finanz- und Versicherungsdienstleistungen
6411;Erbringung von Finanz- und Versicherungsdienstleistungen
64110;Erbringung von Finanz- und Versicherungsdienstleistungen
6419;Erbringung von Finanz- und Versicherungsdienstleistungen
64191;Erbringung von Finanz- und Versicherungsdienstleistungen
64192;Erbringung von Finanz- und Versicherungsdienstleistungen
64193;Erbringung von Finanz- und Versicherungsdienstleistungen
64194;Erbringung von Finanz- und Versicherungsdienstleistungen
64195;Erbringung von Finanz- und Versicherungsdienstleistungen
64196;Erbringung von Finanz- und Versicherungsdienstleistungen
642;Erbringung von Finanz- und Versicherungsdienstleistungen
642;Erbringung von Finanz- und Versicherungsdienstleistungen
64200;Erbringung von Finanz- und Versicherungsdienstleistungen
643;Erbringung von Finanz- und Versicherungsdienstleistungen
643;Erbringung von Finanz- und Versicherungsdienstleistungen
64300;Erbringung von Finanz- und Versicherungsdienstleistungen
649;Erbringung von Finanz- und Versicherungsdienstleistungen
6491;Erbringung von Finanz- und Versicherungsdienstleistungen
64910;Erbringung von Finanz- und Versicherungsdienstleistungen
6492;Erbringung von Finanz- und Versicherungsdienstleistungen
64921;Erbringung von Finanz- und Versicherungsdienstleistungen
64922;Erbringung von Finanz- und Versicherungsdienstleistungen
6499;Erbringung von Finanz- und Versicherungsdienstleistungen
64991;Erbringung von Finanz- und Versicherungsdienstleistungen
64999;Erbringung von Finanz- und Versicherungsdienstleistungen
65;Erbringung von Finanz- und Versicherungsdienstleistungen
651;Erbringung von Finanz- und Versicherungsdienstleistungen
6511;Erbringung von Finanz- und Versicherungsdienstleistungen
65110;Erbringung von Finanz- und Versicherungsdienstleistungen
6512;Erbringung von Finanz- und Versicherungsdienstleistungen
65121;Erbringung von Finanz- und Versicherungsdienstleistungen
65122;Erbringung von Finanz- und Versicherungsdienstleistungen
652;Erbringung von Finanz- und Versicherungsdienstleistungen
652;Erbringung von Finanz- und Versicherungsdienstleistungen
65200;Erbringung von Finanz- und Versicherungsdienstleistungen
653;Erbringung von Finanz- und Versicherungsdienstleistungen
653;Erbringung von Finanz- und Versicherungsdienstleistungen
65300;Erbringung von Finanz- und Versicherungsdienstleistungen
66;Erbringung von Finanz- und Versicherungsdienstleistungen
661;Erbringung von Finanz- und Versicherungsdienstleistungen
6611;Erbringung von Finanz- und Versicherungsdienstleistungen
66110;Erbringung von Finanz- und Versicherungsdienstleistungen
6612;Erbringung von Finanz- und Versicherungsdienstleistungen
66120;Erbringung von Finanz- und Versicherungsdienstleistungen
6619;Erbringung von Finanz- und Versicherungsdienstleistungen
66190;Erbringung von Finanz- und Versicherungsdienstleistungen
662;Erbringung von Finanz- und Versicherungsdienstleistungen
6621;Erbringung von Finanz- und Versicherungsdienstleistungen
66210;Erbringung von Finanz- und Versicherungsdienstleistungen
6622;Erbringung von Finanz- und Versicherungsdienstleistungen
66220;Erbringung von Finanz- und Versicherungsdienstleistungen
6629;Erbringung von Finanz- und Versicherungsdienstleistungen
66290;Erbringung von Finanz- und Versicherungsdienstleistungen
663;Erbringung von Finanz- und Versicherungsdienstleistungen
663;Erbringung von Finanz- und Versicherungsdienstleistungen
66300;Erbringung von Finanz- und Versicherungsdienstleistungen
68;Grundstücks- und Wohnungswesen
681;Grundstücks- und Wohnungswesen
681;Grundstücks- und Wohnungswesen
68101;Grundstücks- und Wohnungswesen
68102;Grundstücks- und Wohnungswesen
682;Grundstücks- und Wohnungswesen
682;Grundstücks- und Wohnungswesen
68201;Grundstücks- und Wohnungswesen
68202;Grundstücks- und Wohnungswesen
683;Grundstücks- und Wohnungswesen
6831;Grundstücks- und Wohnungswesen
68311;Grundstücks- und Wohnungswesen
68312;Grundstücks- und Wohnungswesen
6832;Grundstücks- und Wohnungswesen
68321;Grundstücks- und Wohnungswesen
68322;Grundstücks- und Wohnungswesen
69;Erbringung von freiberuflichen wissenschaftlichen und technischen Dienstleistungen
691;Erbringung von freiberuflichen wissenschaftlichen und technischen Dienstleistungen
691;Erbringung von freiberuflichen wissenschaftlichen und technischen Dienstleistungen
69101;Erbringung von freiberuflichen wissenschaftlichen und technischen Dienstleistungen
69102;Erbringung von freiberuflichen wissenschaftlichen und technischen Dienstleistungen
69103;Erbringung von freiberuflichen wissenschaftlichen und technischen Dienstleistungen
69104;Erbringung von freiberuflichen wissenschaftlichen und technischen Dienstleistungen
69109;Erbringung von freiberuflichen wissenschaftlichen und technischen Dienstleistungen
692;Erbringung von freiberuflichen wissenschaftlichen und technischen Dienstleistungen
692;Erbringung von freiberuflichen wissenschaftlichen und technischen Dienstleistungen
69201;Erbringung von freiberuflichen wissenschaftlichen und technischen Dienstleistungen
69202;Erbringung von freiberuflichen wissenschaftlichen und technischen Dienstleistungen
69203;Erbringung von freiberuflichen wissenschaftlichen und technischen Dienstleistungen
69204;Erbringung von freiberuflichen wissenschaftlichen und technischen Dienstleistungen
70;Erbringung von freiberuflichen wissenschaftlichen und technischen Dienstleistungen
701;Erbringung von freiberuflichen wissenschaftlichen und technischen Dienstleistungen
701;Erbringung von freiberuflichen wissenschaftlichen und technischen Dienstleistungen
70101;Erbringung von freiberuflichen wissenschaftlichen und technischen Dienstleistungen
70109;Erbringung von freiberuflichen wissenschaftlichen und technischen Dienstleistungen
702;Erbringung von freiberuflichen wissenschaftlichen und technischen Dienstleistungen
7021;Erbringung von freiberuflichen wissenschaftlichen und technischen Dienstleistungen
70210;Erbringung von freiberuflichen wissenschaftlichen und technischen Dienstleistungen
7022;Erbringung von freiberuflichen wissenschaftlichen und technischen Dienstleistungen
70220;Erbringung von freiberuflichen wissenschaftlichen und technischen Dienstleistungen
71;Erbringung von freiberuflichen wissenschaftlichen und technischen Dienstleistungen
711;Erbringung von freiberuflichen wissenschaftlichen und technischen Dienstleistungen
7111;Erbringung von freiberuflichen wissenschaftlichen und technischen Dienstleistungen
71111;Erbringung von freiberuflichen wissenschaftlichen und technischen Dienstleistungen
71112;Erbringung von freiberuflichen wissenschaftlichen und technischen Dienstleistungen
71113;Erbringung von freiberuflichen wissenschaftlichen und technischen Dienstleistungen
71114;Erbringung von freiberuflichen wissenschaftlichen und technischen Dienstleistungen
7112;Erbringung von freiberuflichen wissenschaftlichen und technischen Dienstleistungen
71121;Erbringung von freiberuflichen wissenschaftlichen und technischen Dienstleistungen
71122;Erbringung von freiberuflichen wissenschaftlichen und technischen Dienstleistungen
71123;Erbringung von freiberuflichen wissenschaftlichen und technischen Dienstleistungen
71129;Erbringung von freiberuflichen wissenschaftlichen und technischen Dienstleistungen
712;Erbringung von freiberuflichen wissenschaftlichen und technischen Dienstleistungen
712;Erbringung von freiberuflichen wissenschaftlichen und technischen Dienstleistungen
71200;Erbringung von freiberuflichen wissenschaftlichen und technischen Dienstleistungen
72;Erbringung von freiberuflichen wissenschaftlichen und technischen Dienstleistungen
721;Erbringung von freiberuflichen wissenschaftlichen und technischen Dienstleistungen
7211;Erbringung von freiberuflichen wissenschaftlichen und technischen Dienstleistungen
72110;Erbringung von freiberuflichen wissenschaftlichen und technischen Dienstleistungen
7219;Erbringung von freiberuflichen wissenschaftlichen und technischen Dienstleistungen
72190;Erbringung von freiberuflichen wissenschaftlichen und technischen Dienstleistungen
722;Erbringung von freiberuflichen wissenschaftlichen und technischen Dienstleistungen
722;Erbringung von freiberuflichen wissenschaftlichen und technischen Dienstleistungen
72200;Erbringung von freiberuflichen wissenschaftlichen und technischen Dienstleistungen
73;Erbringung von freiberuflichen wissenschaftlichen und technischen Dienstleistungen
731;Erbringung von freiberuflichen wissenschaftlichen und technischen Dienstleistungen
7311;Erbringung von freiberuflichen wissenschaftlichen und technischen Dienstleistungen
73110;Erbringung von freiberuflichen wissenschaftlichen und technischen Dienstleistungen
7312;Erbringung von freiberuflichen wissenschaftlichen und technischen Dienstleistungen
73120;Erbringung von freiberuflichen wissenschaftlichen und technischen Dienstleistungen
732;Erbringung von freiberuflichen wissenschaftlichen und technischen Dienstleistungen
732;Erbringung von freiberuflichen wissenschaftlichen und technischen Dienstleistungen
73200;Erbringung von freiberuflichen wissenschaftlichen und technischen Dienstleistungen
74;Erbringung von freiberuflichen wissenschaftlichen und technischen Dienstleistungen
741;Erbringung von freiberuflichen wissenschaftlichen und technischen Dienstleistungen
741;Erbringung von freiberuflichen wissenschaftlichen und technischen Dienstleistungen
74101;Erbringung von freiberuflichen wissenschaftlichen und technischen Dienstleistungen
74102;Erbringung von freiberuflichen wissenschaftlichen und technischen Dienstleistungen
74103;Erbringung von freiberuflichen wissenschaftlichen und technischen Dienstleistungen
742;Erbringung von freiberuflichen wissenschaftlichen und technischen Dienstleistungen
742;Erbringung von freiberuflichen wissenschaftlichen und technischen Dienstleistungen
74201;Erbringung von freiberuflichen wissenschaftlichen und technischen Dienstleistungen
74202;Erbringung von freiberuflichen wissenschaftlichen und technischen Dienstleistungen
743;Erbringung von freiberuflichen wissenschaftlichen und technischen Dienstleistungen
743;Erbringung von freiberuflichen wissenschaftlichen und technischen Dienstleistungen
74301;Erbringung von freiberuflichen wissenschaftlichen und technischen Dienstleistungen
74302;Erbringung von freiberuflichen wissenschaftlichen und technischen Dienstleistungen
749;Erbringung von freiberuflichen wissenschaftlichen und technischen Dienstleistungen
749;Erbringung von freiberuflichen wissenschaftlichen und technischen Dienstleistungen
74900;Erbringung von freiberuflichen wissenschaftlichen und technischen Dienstleistungen
75;Erbringung von freiberuflichen wissenschaftlichen und technischen Dienstleistungen
75;Erbringung von freiberuflichen wissenschaftlichen und technischen Dienstleistungen
75;Erbringung von freiberuflichen wissenschaftlichen und technischen Dienstleistungen
75001;Erbringung von freiberuflichen wissenschaftlichen und technischen Dienstleistungen
75009;Erbringung von freiberuflichen wissenschaftlichen und technischen Dienstleistungen
77;Erbringung von sonstigen wirtschaftlichen Dienstleistungen
771;Erbringung von sonstigen wirtschaftlichen Dienstleistungen
7711;Erbringung von sonstigen wirtschaftlichen Dienstleistungen
77110;Erbringung von sonstigen wirtschaftlichen Dienstleistungen
7712;Erbringung von sonstigen wirtschaftlichen Dienstleistungen
77120;Erbringung von sonstigen wirtschaftlichen Dienstleistungen
772;Erbringung von sonstigen wirtschaftlichen Dienstleistungen
7721;Erbringung von sonstigen wirtschaftlichen Dienstleistungen
77210;Erbringung von sonstigen wirtschaftlichen Dienstleistungen
7722;Erbringung von sonstigen wirtschaftlichen Dienstleistungen
77220;Erbringung von sonstigen wirtschaftlichen Dienstleistungen
7729;Erbringung von sonstigen wirtschaftlichen Dienstleistungen
77290;Erbringung von sonstigen wirtschaftlichen Dienstleistungen
773;Erbringung von sonstigen wirtschaftlichen Dienstleistungen
7731;Erbringung von sonstigen wirtschaftlichen Dienstleistungen
77310;Erbringung von sonstigen wirtschaftlichen Dienstleistungen
7732;Erbringung von sonstigen wirtschaftlichen Dienstleistungen
77320;Erbringung von sonstigen wirtschaftlichen Dienstleistungen
7733;Erbringung von sonstigen wirtschaftlichen Dienstleistungen
77330;Erbringung von sonstigen wirtschaftlichen Dienstleistungen
7734;Erbringung von sonstigen wirtschaftlichen Dienstleistungen
77340;Erbringung von sonstigen wirtschaftlichen Dienstleistungen
7735;Erbringung von sonstigen wirtschaftlichen Dienstleistungen
77350;Erbringung von sonstigen wirtschaftlichen Dienstleistungen
7739;Erbringung von sonstigen wirtschaftlichen Dienstleistungen
77390;Erbringung von sonstigen wirtschaftlichen Dienstleistungen
774;Erbringung von sonstigen wirtschaftlichen Dienstleistungen
774;Erbringung von sonstigen wirtschaftlichen Dienstleistungen
77400;Erbringung von sonstigen wirtschaftlichen Dienstleistungen
78;Erbringung von sonstigen wirtschaftlichen Dienstleistungen
781;Erbringung von sonstigen wirtschaftlichen Dienstleistungen
781;Erbringung von sonstigen wirtschaftlichen Dienstleistungen
78100;Erbringung von sonstigen wirtschaftlichen Dienstleistungen
782;Erbringung von sonstigen wirtschaftlichen Dienstleistungen
782;Erbringung von sonstigen wirtschaftlichen Dienstleistungen
78200;Erbringung von sonstigen wirtschaftlichen Dienstleistungen
783;Erbringung von sonstigen wirtschaftlichen Dienstleistungen
783;Erbringung von sonstigen wirtschaftlichen Dienstleistungen
78300;Erbringung von sonstigen wirtschaftlichen Dienstleistungen
79;Erbringung von sonstigen wirtschaftlichen Dienstleistungen
791;Erbringung von sonstigen wirtschaftlichen Dienstleistungen
7911;Erbringung von sonstigen wirtschaftlichen Dienstleistungen
79110;Erbringung von sonstigen wirtschaftlichen Dienstleistungen
7912;Erbringung von sonstigen wirtschaftlichen Dienstleistungen
79120;Erbringung von sonstigen wirtschaftlichen Dienstleistungen
799;Erbringung von sonstigen wirtschaftlichen Dienstleistungen
799;Erbringung von sonstigen wirtschaftlichen Dienstleistungen
79900;Erbringung von sonstigen wirtschaftlichen Dienstleistungen
80;Erbringung von sonstigen wirtschaftlichen Dienstleistungen
801;Erbringung von sonstigen wirtschaftlichen Dienstleistungen
801;Erbringung von sonstigen wirtschaftlichen Dienstleistungen
80100;Erbringung von sonstigen wirtschaftlichen Dienstleistungen
802;Erbringung von sonstigen wirtschaftlichen Dienstleistungen
802;Erbringung von sonstigen wirtschaftlichen Dienstleistungen
80200;Erbringung von sonstigen wirtschaftlichen Dienstleistungen
803;Erbringung von sonstigen wirtschaftlichen Dienstleistungen
803;Erbringung von sonstigen wirtschaftlichen Dienstleistungen
80300;Erbringung von sonstigen wirtschaftlichen Dienstleistungen
81;Erbringung von sonstigen wirtschaftlichen Dienstleistungen
811;Erbringung von sonstigen wirtschaftlichen Dienstleistungen
811;Erbringung von sonstigen wirtschaftlichen Dienstleistungen
81100;Erbringung von sonstigen wirtschaftlichen Dienstleistungen
812;Erbringung von sonstigen wirtschaftlichen Dienstleistungen
8121;Erbringung von sonstigen wirtschaftlichen Dienstleistungen
81210;Erbringung von sonstigen wirtschaftlichen Dienstleistungen
8122;Erbringung von sonstigen wirtschaftlichen Dienstleistungen
81221;Erbringung von sonstigen wirtschaftlichen Dienstleistungen
81229;Erbringung von sonstigen wirtschaftlichen Dienstleistungen
8129;Erbringung von sonstigen wirtschaftlichen Dienstleistungen
81291;Erbringung von sonstigen wirtschaftlichen Dienstleistungen
81292;Erbringung von sonstigen wirtschaftlichen Dienstleistungen
81299;Erbringung von sonstigen wirtschaftlichen Dienstleistungen
813;Erbringung von sonstigen wirtschaftlichen Dienstleistungen
813;Erbringung von sonstigen wirtschaftlichen Dienstleistungen
81301;Erbringung von sonstigen wirtschaftlichen Dienstleistungen
81309;Erbringung von sonstigen wirtschaftlichen Dienstleistungen
82;Erbringung von sonstigen wirtschaftlichen Dienstleistungen
821;Erbringung von sonstigen wirtschaftlichen Dienstleistungen
8211;Erbringung von sonstigen wirtschaftlichen Dienstleistungen
82110;Erbringung von sonstigen wirtschaftlichen Dienstleistungen
8219;Erbringung von sonstigen wirtschaftlichen Dienstleistungen
82190;Erbringung von sonstigen wirtschaftlichen Dienstleistungen
822;Erbringung von sonstigen wirtschaftlichen Dienstleistungen
822;Erbringung von sonstigen wirtschaftlichen Dienstleistungen
82200;Erbringung von sonstigen wirtschaftlichen Dienstleistungen
823;Erbringung von sonstigen wirtschaftlichen Dienstleistungen
823;Erbringung von sonstigen wirtschaftlichen Dienstleistungen
82300;Erbringung von sonstigen wirtschaftlichen Dienstleistungen
829;Erbringung von sonstigen wirtschaftlichen Dienstleistungen
8291;Erbringung von sonstigen wirtschaftlichen Dienstleistungen
82911;Erbringung von sonstigen wirtschaftlichen Dienstleistungen
82912;Erbringung von sonstigen wirtschaftlichen Dienstleistungen
8292;Erbringung von sonstigen wirtschaftlichen Dienstleistungen
82920;Erbringung von sonstigen wirtschaftlichen Dienstleistungen
8299;Erbringung von sonstigen wirtschaftlichen Dienstleistungen
82991;Erbringung von sonstigen wirtschaftlichen Dienstleistungen
82999;Erbringung von sonstigen wirtschaftlichen Dienstleistungen
84;Öffentliche Verwaltung Verteidigung; Sozialversicherung
841;Öffentliche Verwaltung Verteidigung; Sozialversicherung
8411;Öffentliche Verwaltung Verteidigung; Sozialversicherung
84110;Öffentliche Verwaltung Verteidigung; Sozialversicherung
8412;Öffentliche Verwaltung Verteidigung; Sozialversicherung
84120;Öffentliche Verwaltung Verteidigung; Sozialversicherung
8413;Öffentliche Verwaltung Verteidigung; Sozialversicherung
84130;Öffentliche Verwaltung Verteidigung; Sozialversicherung
842;Öffentliche Verwaltung Verteidigung; Sozialversicherung
8421;Öffentliche Verwaltung Verteidigung; Sozialversicherung
84210;Öffentliche Verwaltung Verteidigung; Sozialversicherung
8422;Öffentliche Verwaltung Verteidigung; Sozialversicherung
84220;Öffentliche Verwaltung Verteidigung; Sozialversicherung
8423;Öffentliche Verwaltung Verteidigung; Sozialversicherung
84230;Öffentliche Verwaltung Verteidigung; Sozialversicherung
8424;Öffentliche Verwaltung Verteidigung; Sozialversicherung
84240;Öffentliche Verwaltung Verteidigung; Sozialversicherung
8425;Öffentliche Verwaltung Verteidigung; Sozialversicherung
84250;Öffentliche Verwaltung Verteidigung; Sozialversicherung
843;Öffentliche Verwaltung Verteidigung; Sozialversicherung
843;Öffentliche Verwaltung Verteidigung; Sozialversicherung
84300;Öffentliche Verwaltung Verteidigung; Sozialversicherung
85;Erziehung und Unterricht
851;Erziehung und Unterricht
851;Erziehung und Unterricht
85101;Erziehung und Unterricht
85102;Erziehung und Unterricht
852;Erziehung und Unterricht
852;Erziehung und Unterricht
85200;Erziehung und Unterricht
853;Erziehung und Unterricht
8531;Erziehung und Unterricht
85311;Erziehung und Unterricht
85312;Erziehung und Unterricht
8532;Erziehung und Unterricht
85320;Erziehung und Unterricht
854;Erziehung und Unterricht
8541;Erziehung und Unterricht
85410;Erziehung und Unterricht
8542;Erziehung und Unterricht
85421;Erziehung und Unterricht
85422;Erziehung und Unterricht
85423;Erziehung und Unterricht
85424;Erziehung und Unterricht
855;Erziehung und Unterricht
8551;Erziehung und Unterricht
85510;Erziehung und Unterricht
8552;Erziehung und Unterricht
85520;Erziehung und Unterricht
8553;Erziehung und Unterricht
85530;Erziehung und Unterricht
8559;Erziehung und Unterricht
85591;Erziehung und Unterricht
85592;Erziehung und Unterricht
85599;Erziehung und Unterricht
856;Erziehung und Unterricht
856;Erziehung und Unterricht
85600;Erziehung und Unterricht
86;Gesundheits- und Sozialwesen
861;Gesundheits- und Sozialwesen
861;Gesundheits- und Sozialwesen
86101;Gesundheits- und Sozialwesen
86102;Gesundheits- und Sozialwesen
86103;Gesundheits- und Sozialwesen
862;Gesundheits- und Sozialwesen
8621;Gesundheits- und Sozialwesen
86210;Gesundheits- und Sozialwesen
8622;Gesundheits- und Sozialwesen
86220;Gesundheits- und Sozialwesen
8623;Gesundheits- und Sozialwesen
86230;Gesundheits- und Sozialwesen
869;Gesundheits- und Sozialwesen
869;Gesundheits- und Sozialwesen
86901;Gesundheits- und Sozialwesen
86902;Gesundheits- und Sozialwesen
86903;Gesundheits- und Sozialwesen
86909;Gesundheits- und Sozialwesen
87;Gesundheits- und Sozialwesen
871;Gesundheits- und Sozialwesen
871;Gesundheits- und Sozialwesen
87100;Gesundheits- und Sozialwesen
872;Gesundheits- und Sozialwesen
872;Gesundheits- und Sozialwesen
87200;Gesundheits- und Sozialwesen
873;Gesundheits- und Sozialwesen
873;Gesundheits- und Sozialwesen
87300;Gesundheits- und Sozialwesen
879;Gesundheits- und Sozialwesen
879;Gesundheits- und Sozialwesen
87900;Gesundheits- und Sozialwesen
88;Gesundheits- und Sozialwesen
881;Gesundheits- und Sozialwesen
881;Gesundheits- und Sozialwesen
88101;Gesundheits- und Sozialwesen
88102;Gesundheits- und Sozialwesen
889;Gesundheits- und Sozialwesen
8891;Gesundheits- und Sozialwesen
88910;Gesundheits- und Sozialwesen
8899;Gesundheits- und Sozialwesen
88990;Gesundheits- und Sozialwesen
90;Kunst Unterhaltung und Erholung
90;Kunst Unterhaltung und Erholung
9001;Kunst Unterhaltung und Erholung
90011;Kunst Unterhaltung und Erholung
90012;Kunst Unterhaltung und Erholung
90013;Kunst Unterhaltung und Erholung
90014;Kunst Unterhaltung und Erholung
9002;Kunst Unterhaltung und Erholung
90020;Kunst Unterhaltung und Erholung
9003;Kunst Unterhaltung und Erholung
90031;Kunst Unterhaltung und Erholung
90032;Kunst Unterhaltung und Erholung
90033;Kunst Unterhaltung und Erholung
90034;Kunst Unterhaltung und Erholung
90035;Kunst Unterhaltung und Erholung
9004;Kunst Unterhaltung und Erholung
90041;Kunst Unterhaltung und Erholung
90042;Kunst Unterhaltung und Erholung
90043;Kunst Unterhaltung und Erholung
91;Kunst Unterhaltung und Erholung
91;Kunst Unterhaltung und Erholung
9101;Kunst Unterhaltung und Erholung
91010;Kunst Unterhaltung und Erholung
9102;Kunst Unterhaltung und Erholung
91020;Kunst Unterhaltung und Erholung
9103;Kunst Unterhaltung und Erholung
91030;Kunst Unterhaltung und Erholung
9104;Kunst Unterhaltung und Erholung
91040;Kunst Unterhaltung und Erholung
92;Kunst Unterhaltung und Erholung
92;Kunst Unterhaltung und Erholung
92;Kunst Unterhaltung und Erholung
92001;Kunst Unterhaltung und Erholung
92002;Kunst Unterhaltung und Erholung
92003;Kunst Unterhaltung und Erholung
93;Kunst Unterhaltung und Erholung
931;Kunst Unterhaltung und Erholung
9311;Kunst Unterhaltung und Erholung
93110;Kunst Unterhaltung und Erholung
9312;Kunst Unterhaltung und Erholung
93120;Kunst Unterhaltung und Erholung
9313;Kunst Unterhaltung und Erholung
93130;Kunst Unterhaltung und Erholung
9319;Kunst Unterhaltung und Erholung
93190;Kunst Unterhaltung und Erholung
932;Kunst Unterhaltung und Erholung
9321;Kunst Unterhaltung und Erholung
93210;Kunst Unterhaltung und Erholung
9329;Kunst Unterhaltung und Erholung
93290;Kunst Unterhaltung und Erholung
94;Erbringung von sonstigen Dienstleistungen
941;Erbringung von sonstigen Dienstleistungen
9411;Erbringung von sonstigen Dienstleistungen
94110;Erbringung von sonstigen Dienstleistungen
9412;Erbringung von sonstigen Dienstleistungen
94120;Erbringung von sonstigen Dienstleistungen
942;Erbringung von sonstigen Dienstleistungen
942;Erbringung von sonstigen Dienstleistungen
94200;Erbringung von sonstigen Dienstleistungen
949;Erbringung von sonstigen Dienstleistungen
9491;Erbringung von sonstigen Dienstleistungen
94910;Erbringung von sonstigen Dienstleistungen
9492;Erbringung von sonstigen Dienstleistungen
94920;Erbringung von sonstigen Dienstleistungen
9499;Erbringung von sonstigen Dienstleistungen
94991;Erbringung von sonstigen Dienstleistungen
94992;Erbringung von sonstigen Dienstleistungen
94993;Erbringung von sonstigen Dienstleistungen
94994;Erbringung von sonstigen Dienstleistungen
94999;Erbringung von sonstigen Dienstleistungen
95;Erbringung von sonstigen Dienstleistungen
951;Erbringung von sonstigen Dienstleistungen
9511;Erbringung von sonstigen Dienstleistungen
95110;Erbringung von sonstigen Dienstleistungen
9512;Erbringung von sonstigen Dienstleistungen
95120;Erbringung von sonstigen Dienstleistungen
952;Erbringung von sonstigen Dienstleistungen
9521;Erbringung von sonstigen Dienstleistungen
95210;Erbringung von sonstigen Dienstleistungen
9522;Erbringung von sonstigen Dienstleistungen
95220;Erbringung von sonstigen Dienstleistungen
9523;Erbringung von sonstigen Dienstleistungen
95230;Erbringung von sonstigen Dienstleistungen
9524;Erbringung von sonstigen Dienstleistungen
95240;Erbringung von sonstigen Dienstleistungen
9525;Erbringung von sonstigen Dienstleistungen
95250;Erbringung von sonstigen Dienstleistungen
9529;Erbringung von sonstigen Dienstleistungen
95290;Erbringung von sonstigen Dienstleistungen
96;Erbringung von sonstigen Dienstleistungen
96;Erbringung von sonstigen Dienstleistungen
9601;Erbringung von sonstigen Dienstleistungen
96010;Erbringung von sonstigen Dienstleistungen
9602;Erbringung von sonstigen Dienstleistungen
96021;Erbringung von sonstigen Dienstleistungen
96022;Erbringung von sonstigen Dienstleistungen
9603;Erbringung von sonstigen Dienstleistungen
96031;Erbringung von sonstigen Dienstleistungen
96032;Erbringung von sonstigen Dienstleistungen
9604;Erbringung von sonstigen Dienstleistungen
96040;Erbringung von sonstigen Dienstleistungen
9609;Erbringung von sonstigen Dienstleistungen
96090;Erbringung von sonstigen Dienstleistungen
97;Private Haushalte mit Hauspersonal; Herstellung von Waren und Erbringung von Dienstleistungen durch private Haushalte für den Eigenbedarf ohne ausgeprägten Schwerpunkt
97;Private Haushalte mit Hauspersonal; Herstellung von Waren und Erbringung von Dienstleistungen durch private Haushalte für den Eigenbedarf ohne ausgeprägten Schwerpunkt
97;Private Haushalte mit Hauspersonal; Herstellung von Waren und Erbringung von Dienstleistungen durch private Haushalte für den Eigenbedarf ohne ausgeprägten Schwerpunkt
97000;Private Haushalte mit Hauspersonal; Herstellung von Waren und Erbringung von Dienstleistungen durch private Haushalte für den Eigenbedarf ohne ausgeprägten Schwerpunkt
98;Private Haushalte mit Hauspersonal; Herstellung von Waren und Erbringung von Dienstleistungen durch private Haushalte für den Eigenbedarf ohne ausgeprägten Schwerpunkt
981;Private Haushalte mit Hauspersonal; Herstellung von Waren und Erbringung von Dienstleistungen durch private Haushalte für den Eigenbedarf ohne ausgeprägten Schwerpunkt
981;Private Haushalte mit Hauspersonal; Herstellung von Waren und Erbringung von Dienstleistungen durch private Haushalte für den Eigenbedarf ohne ausgeprägten Schwerpunkt
98100;Private Haushalte mit Hauspersonal; Herstellung von Waren und Erbringung von Dienstleistungen durch private Haushalte für den Eigenbedarf ohne ausgeprägten Schwerpunkt
982;Private Haushalte mit Hauspersonal; Herstellung von Waren und Erbringung von Dienstleistungen durch private Haushalte für den Eigenbedarf ohne ausgeprägten Schwerpunkt
982;Private Haushalte mit Hauspersonal; Herstellung von Waren und Erbringung von Dienstleistungen durch private Haushalte für den Eigenbedarf ohne ausgeprägten Schwerpunkt
98200;Private Haushalte mit Hauspersonal; Herstellung von Waren und Erbringung von Dienstleistungen durch private Haushalte für den Eigenbedarf ohne ausgeprägten Schwerpunkt
99;Exterritoriale Organisationen und Körperschaften
99;Exterritoriale Organisationen und Körperschaften
99;Exterritoriale Organisationen und Körperschaften
99000;Exterritoriale Organisationen und Körperschaften
